0.013653268	0.038065862	0.1227207	-0.062836304	-0.17903076	-0.11530746	0.21889529	0.0375724	-0.24228673	-0.21797414	0.0020147867	0.084991805	0.11516201	0.22927965	-0.13503794	0.023195025	0.11267049	-0.1751628	0.10469577	0.010224907	0.12628266	0.19232647	0.17359342	0.10947108	0.04184037	-0.01365245	0.2375745	-0.05638638	-0.04698186	0.14037439	0.07467302	0.069983125	-0.16933955	0.16099635	0.13183203	0.0014615546	0.11582529	-0.08870333	0.07297893	0.14547229	-0.095008984	0.08619112	0.030719493	-0.023265518	0.07296998	0.10431576	0.16708776	-0.04700918	0.097571336	0.008345759
-0.058711786	0.08219757	-0.21577008	-0.08616961	0.02235964	0.07292584	-0.09845298	0.12879889	-0.12368535	0.19848488	-0.13658471	-0.14678681	0.09717523	-0.051937193	0.07687266	0.008253836	0.1698583	-0.11563857	-0.14739871	0.106152564	-0.11509946	0.09006516	-0.12394738	-0.27322	0.050585598	-0.10267285	0.017092863	-0.1324682	0.15199852	0.066439025	-0.24164997	-0.2552803	0.028373625	0.26539025	-0.17327993	-0.0933669	0.20222709	-0.029739203	0.13560604	-0.036538936	-0.25112525	0.17359634	-0.106552795	-0.26355588	0.032385368	-0.13689692	-0.0020230557	-0.026118439	0.1576113	-0.07093997
0.2177559	0.0018831694	0.20234554	0.01679244	0.21062142	0.058918852	0.03522325	0.08250125	0.040257588	0.0017380645	-0.052796796	0.022592228	0.16795874	0.28962538	0.12432345	0.014517926	-0.13741364	-0.17643555	-0.043197885	0.20976616	-0.23707975	0.05925902	0.09616874	-0.073313765	-0.07264158	0.03388765	-0.008769286	0.15140077	-0.16210839	0.16064812	-0.052235465	0.08448442	-0.20580693	0.11276295	-0.10244704	0.043069992	-0.011333475	0.09763885	0.007603468	-0.07498121	0.14316864	0.18025929	0.09985465	-0.24029127	0.062166553	-0.06025052	-0.09705876	-0.09028082	0.264828	-0.013326
0.0718488	0.2653363	-0.123252	0.2431816	0.07354025	-0.08512222	0.20132641	0.044254918	-0.14476934	-0.059015002	0.1460705	0.058225445	-0.057864975	0.07611579	-0.018579673	0.03138908	-0.19305307	-0.19516408	-0.026240047	-0.1081034	0.15577173	0.12500226	-0.0067376397	0.047080647	0.04871802	0.2082344	-0.19300355	0.27631968	0.08375846	0.036016125	0.0002605033	0.019123286	-0.0067737796	0.0636694	-0.078229696	-0.03715275	0.04153515	-0.020499041	-0.09085329	-0.108353145	0.1237814	-0.1487918	0.00063326524	-0.15175551	0.073135175	0.07717567	0.019265292	-0.006970538	0.24344912	0.04625495
0.24449393	0.0010775747	-0.1796105	0.096097834	-0.035287164	0.059266414	-0.23988079	-0.091196544	0.16448963	-0.13092615	0.01984506	-0.13921238	0.0977299	0.16019724	-0.03458819	-0.058365073	-0.013687444	0.015413145	-0.0280682	-0.17621258	-0.22537376	0.27692616	-0.1141317	-0.119815625	-0.004810262	0.12861621	-0.0985369	-0.09322234	-0.14202118	-0.0772138	-0.21196155	-0.10172737	-0.049441382	-0.13640682	0.0987399	-0.058107354	0.0050822794	0.14404152	0.19057466	0.19160004	-0.14242664	0.0011296931	-0.012770974	0.1304613	0.007954497	0.05925419	0.1883569	0.026877677	0.1074687	0.26620656
0.09829926	0.09156907	-0.16484202	0.15124652	-0.2591337	-0.08551726	-0.20735271	0.037613623	0.12822296	0.04028935	0.07885746	0.00490121	0.1859158	-0.1652677	0.089311406	-0.0058929115	-0.060892954	-0.025996674	-0.0455262	-0.110935904	0.0010521816	-0.09429095	-0.081322975	-0.09944708	-0.011545689	0.11284489	0.04629539	0.1819211	-0.05425674	0.0014777955	-0.14004765	-0.14616528	-0.023035513	0.10957882	0.019305464	-0.02533267	-0.021319177	-0.002416824	0.16659312	-0.05452372	-0.095568374	0.09999441	-0.061853323	-0.081448406	-0.12699452	0.21964292	0.101578705	0.16303094	-0.07650355	0.13531496
0.23171173	-0.19147672	-0.06584632	0.0036042484	-0.17245099	-0.19673508	0.15588681	0.102501206	0.1405193	0.021568308	-0.21727577	-0.14039794	0.11171806	0.13559245	0.17068747	0.012298132	0.13648108	0.10588183	-0.09487655	-0.05692604	0.07237413	-0.092673086	0.10844496	-0.044158213	-0.050731115	0.15818103	0.032884166	0.11004008	0.1531729	-0.050611556	0.15288848	-0.08248718	-0.0071652527	-0.14544885	0.0018461089	-0.0060832147	0.008073989	0.16494472	-0.13596402	-0.10167858	-0.01818678	0.094572656	0.05718675	-0.06031708	0.06547498	-0.08406006	0.065148525	-0.026037121	-0.03007686	0.064879864
-0.035477664	-0.05621305	0.014232437	-0.017101271	0.12510832	-0.07492958	0.12441854	-0.013175243	-0.045466162	0.031510573	-0.009063932	0.0772402	0.16184309	0.016189622	0.1164443	0.062083364	0.15433072	0.013315733	0.037138082	0.113629535	-0.03573293	0.04052645	0.11814096	0.1836869	-0.09090113	-0.23605476	0.09418639	0.23766144	-0.038843483	-0.06366856	-0.09616672	0.03369824	0.22021548	0.22026943	0.093609326	-0.065111786	-0.23754928	-0.14075793	-0.13732839	-0.025675286	0.10193278	0.07247447	-0.2580531	0.00032912582	0.17107654	-0.17962381	-0.0067932303	-0.01097639	0.12610936	-0.1301405
-0.05014002	0.05824274	0.026699886	-0.102555566	0.15576588	-0.20403092	-0.2150937	-0.13464087	-0.0633293	0.27228698	0.008741934	-0.13064018	0.021603456	0.06154169	0.08495311	0.0008357424	-0.05493701	0.046816077	0.24754225	0.20197393	-0.2811828	-0.12719803	-0.16370398	0.11616521	-0.21414949	0.07055417	0.21418966	-0.14395179	0.11645177	0.06919723	-0.022848386	0.080420464	0.019759487	-0.11356025	0.038980775	-0.051986508	-0.0061210548	0.16215175	0.048562724	0.0031310276	0.18547857	0.07161985	0.062283576	0.03812702	0.2135098	-0.13294728	-0.22992444	0.08999411	0.20299175	0.073026136
0.088417545	-0.10645171	0.023468524	0.18751727	-0.14258909	0.02014011	-0.016756248	0.0305731	0.041645847	0.029234853	-0.029031461	0.07991248	0.27403077	-0.0007953123	0.0068609817	-0.14406984	-0.0143947415	-0.13056472	0.038590338	0.07002762	-3.3982113e-05	0.14378685	-0.14081652	0.047644645	0.03570013	0.1974234	-0.0059330035	-0.07300367	0.11576	-0.053174354	-0.005200246	-0.025400901	0.17574382	-0.029565154	0.046054263	-0.011944819	-0.031471897	-0.012686964	-0.08906013	0.16265357	-0.09233803	-0.07550254	-0.28532773	-0.16612093	0.035814904	-0.20021452	-0.10856571	0.1550467	0.14191599	0.11316179
0.08729325	0.060366716	0.009795477	0.029133137	0.05653174	0.06929309	-0.124551155	-0.16581084	0.062074948	-0.12533857	0.16678022	0.030976366	0.11537087	-0.10068104	-0.010145671	-0.028148975	0.06967058	-0.069889896	-0.08809607	-0.07887713	-0.11186404	-0.023013163	-0.006103933	-0.0612551	-0.24551345	0.071679056	-0.15223368	0.011661339	0.106428035	-0.020551946	0.16369763	0.10320657	-0.029061688	0.17512675	0.02785112	-0.12950751	0.08060033	-0.0356879	-0.13069808	0.1885972	-0.16164015	-0.18843165	0.15931344	-0.060408674	-0.047924586	-0.114587955	0.061412573	0.076624595	-0.16433445	0.22318599
0.16036803	0.093988456	-0.022663105	0.011370718	-0.0044705514	-0.074550346	-0.26158994	-0.028787281	0.09450849	-0.15696216	-0.06827837	0.24138422	-0.16101798	0.0329038	-0.25574663	0.045663655	0.06661033	-0.07201375	-0.042646497	-0.14718547	0.09520034	-0.051262386	0.23172505	-0.09262913	-0.24800749	-0.061659317	-0.14892757	0.020538978	0.18000008	-0.055261612	0.11687335	0.010814564	-0.13841307	-0.1758903	-0.044619754	-0.14993271	0.008079365	0.0836699	-0.06013842	0.21447706	0.1895799	0.036670506	-0.021609107	0.12161704	-0.025596775	-0.12845151	0.0031609784	0.02244554	0.16279912	-0.0889895
0.10591002	0.08289348	-0.16863915	-0.05966437	0.0011923246	-0.017134357	0.017709346	-0.21071392	0.108877614	-0.16644606	0.07163936	0.033207733	0.066016644	0.15033787	0.118173674	0.040571682	0.18386512	-0.06590344	0.08639424	-0.14901009	-0.14150396	-0.035225455	0.089220695	0.04587535	0.16093683	-0.12801747	-0.053221088	0.2651564	0.16485535	0.057187304	0.08017792	-0.010394255	0.06649078	0.044234212	0.039562024	-0.15282573	0.008282083	0.017411519	-0.06019316	0.030281805	-0.04487941	-0.010409719	0.10805183	-0.104070306	0.054407716	-0.2624073	0.13551909	0.07514753	0.014066054	-0.20251758
0.18185157	0.09497986	-0.15137827	-0.06097694	0.2399377	-0.0971738	0.08911362	0.22354853	0.27140906	0.08282722	-0.16597666	-0.15269408	-0.18161891	0.08550743	0.10543101	0.15089896	-0.14881702	-0.2594102	0.20322971	0.23483182	-0.0029550116	-0.03490474	-0.16694641	0.097711325	0.24629518	0.21696459	-0.062197696	0.15120134	0.15419634	0.057512872	-0.15396906	0.06975064	-0.13526633	-0.1205917	0.10820699	-0.06965977	-0.04685116	0.24709399	0.06725899	0.057487976	-0.27453238	-0.060408212	0.1552927	0.10336092	-0.23075391	-0.010151175	0.15099686	-0.07756769	-0.01003842	-0.15968001
-0.16680339	-0.13629398	-0.27714354	-0.093407735	-0.0071015153	-0.06626844	0.07954506	0.021558994	-0.04686285	-0.038092528	-0.024236986	0.14135155	0.050329894	-0.13534711	-0.120323986	-0.13154331	-0.120137684	-0.0011542463	-0.054693602	-0.22975743	-0.044060517	-0.10422538	-0.03129874	-0.036628135	-0.078877695	-0.04255133	-0.067750886	0.15749632	0.12353716	-0.02564404	0.14811304	0.27197242	-0.15838619	-0.14594366	-0.0059267995	0.092336625	0.1207029	-0.20425181	0.09352559	0.03155928	0.1455247	0.06413196	0.07158393	0.26171893	0.11118233	-0.13591148	0.17724904	-0.03815978	-0.19533482	-0.030605165
0.05717285	0.16361342	-0.118899845	-0.08201594	0.011279019	0.20984274	0.050712578	0.0743257	-0.06586801	-0.056901786	-0.10790606	0.23675361	-0.021615576	-0.21187015	-0.033544067	0.07171866	-0.038424436	0.041016884	0.10590752	-0.096303634	-0.13860576	-0.032630183	-0.13669164	0.2078465	0.08467467	-0.03607843	0.006720942	-0.010847863	-0.052395776	-0.113051265	0.09999415	0.017343545	-0.24979948	-0.09201375	-0.27769497	0.12856607	0.080275774	-0.27335006	0.18244502	-0.12829037	-0.18198834	0.13396081	-0.059151124	-0.108737715	0.23707196	-0.060719404	0.04660353	0.13246828	0.025976997	0.22358865
-0.261653	0.036515445	0.118420444	-0.0070216884	0.098924555	0.005613785	-0.1565449	-0.16126208	0.08124461	0.22182287	-0.2016182	0.21246725	0.049568642	-0.14616251	0.14738493	-0.052439597	-0.1346897	-0.080173686	-0.18669921	-0.11551899	-0.14056864	0.09020581	-0.06183121	-0.017949292	-0.19922012	-0.0443493	-0.07157377	0.15773256	0.1577268	0.04524688	0.002957602	0.23241954	-0.054909423	0.12159147	-0.049075153	-0.11869706	0.17812593	-0.081880115	-0.015776817	-0.12036233	0.101481915	0.09908859	0.12326825	-0.0066991094	0.04520882	0.07890271	0.063019514	-0.028449034	0.09039691	-0.25422716
0.06326216	-0.056499198	0.26169893	-0.033960942	-0.16976748	-0.00024057226	0.079442106	0.18164608	0.05321617	-0.105122544	0.14010817	0.14742818	-0.22959049	-0.031434346	-0.023005668	-0.07960341	0.13470572	0.037183944	0.23902723	-0.07914865	-0.05576104	0.18546912	0.16772921	-0.20526414	-0.22359805	-0.08963676	-0.11165883	-0.07919101	0.06909915	0.027135188	-0.15018658	-0.06951846	0.075083554	-0.13386773	-0.02124986	-0.03805086	-0.17543425	-0.12206943	0.013555951	-0.122090444	-0.1724758	-0.07866302	-0.015698217	-0.011618646	-0.079867676	0.09281171	0.0424496	0.078909904	0.029097473	-0.142083
0.027077448	-0.055926915	-0.031962704	-0.16211155	0.22618957	0.07319646	0.072322935	0.04980526	0.085677	-0.10050548	-0.100235425	-0.17004639	-0.052156836	-0.10381831	-0.05836501	-0.011754179	-0.055225577	-0.13843608	-0.25960812	0.14573655	-0.14683807	0.022247862	0.051603384	0.021089574	0.054851986	-0.22019126	0.082342975	0.022995364	-0.14411354	-0.04219224	-0.23533781	0.16141021	0.058145497	0.25880215	-0.025684047	-0.023517204	-0.04937365	-0.008207834	-0.08919596	-0.1381869	0.1360946	0.17454794	-0.09694871	0.0402478	0.22907911	0.03426204	0.22264771	-0.12068421	-0.23408785	-0.24465425
-0.11117568	-0.09476189	0.19286749	-0.049038116	0.117316	0.07477421	0.033830617	-0.1069166	-0.037492067	0.0050889556	0.0042575845	-0.17265989	-0.12761793	-0.012218236	-0.0013353232	-0.10984326	0.13273312	-0.052740116	-0.016474443	-0.20823367	-0.051776048	-0.10816873	0.0689843	-0.08657535	0.11963635	0.22207679	0.09783468	0.040187594	0.19042493	-0.11648765	-0.07773366	-0.23305489	-0.009929765	0.078358114	-0.11549376	-0.1151936	-0.021172024	-0.012540321	-0.045046497	-0.123032406	0.18184373	0.18621483	-0.0040582293	-0.08527009	-0.08513148	0.090170555	0.08273759	0.15434457	0.1634176	0.12055655
0.0056718965	-0.033376735	0.15647297	0.13457501	0.0019629402	0.116043575	-0.020225188	-0.021575129	0.22683208	-0.15472662	0.11818873	0.082247876	0.08114508	-0.0062194103	0.20975083	0.081824504	-0.057474602	0.12261508	0.17491648	0.13096207	0.10025526	-0.09176794	0.24214756	-0.040691305	-0.053738937	-0.12837358	-0.0295979	0.03316496	0.0341737	-0.046510514	0.12110376	-0.14547691	0.079000466	0.20333213	0.08594922	0.19195278	-0.2937939	0.06401436	-0.03762895	0.121001035	-0.07969096	0.19070192	-0.017163247	-0.006234077	-0.13632512	0.11236458	0.09532172	-0.09211012	0.0037333528	-0.039634045
-0.1029711	0.21230613	-0.021599961	0.016518766	0.05499704	0.035451002	-0.07644294	-0.016770313	0.2776806	-0.14201623	0.0137201995	-0.052166376	-0.031612415	0.035719663	0.09285606	0.17918651	0.024635337	-0.094484285	0.1282822	0.095395	-0.056033485	-0.06411528	0.14416046	0.18962008	-0.070054576	0.22074173	0.12875381	-0.022288255	-0.22566772	-0.039612103	0.1672635	-0.030114403	-0.05393098	0.043540604	0.010025349	0.06434592	-0.026313782	-0.24208023	0.05311255	0.12240932	0.031833563	0.021533646	0.049468078	-0.0023969708	0.059736624	0.14971662	0.18133558	0.013311134	-0.00062045635	0.040919546
0.008030414	0.105441205	0.123255484	-0.035243813	-0.14860839	0.059763283	-0.02875998	-0.09703421	-0.22368072	-0.043859217	0.09745113	-0.04748918	-0.0039011203	0.14110593	0.096586555	-0.0426352	-0.06610824	0.13296296	0.030954266	-0.11824618	-0.044008154	-0.059376672	0.0840312	0.06105059	0.1620611	-0.03662016	0.04538965	-0.09492776	-0.11022463	0.09302889	0.032424543	0.089252524	0.035084896	0.17706513	-0.26169297	0.19797157	0.16609108	0.06005284	-0.15233038	-0.12089629	0.06965961	0.14930317	-0.18333076	-0.17155154	-0.1278421	-0.11176132	-0.10572537	0.07989075	-0.13055211	0.11738677
-0.17720558	0.03341011	0.05593636	0.03053892	-0.23146407	-0.04942362	-0.15644698	0.13412215	0.064729415	-0.05986272	-0.061982278	-0.09244723	-0.15951918	0.06613733	-0.002438897	0.19528478	0.122082196	0.19713096	-0.15223975	0.12621711	-0.068439774	0.081801735	0.08372336	-0.011326397	-0.048024334	-0.11175998	0.10528658	-0.07169011	-0.12402452	-0.09204534	-0.096355006	0.101743504	-0.06881377	-0.24454217	-0.1040021	-0.17304635	0.09510564	0.0732865	0.0426126	-0.17487407	0.23472102	0.08123378	0.074347585	0.11469904	-0.146101	-0.030970428	0.24695224	0.09430971	0.0020676658	-0.2002228
-0.03896597	-0.14457299	0.077913985	0.08243522	-0.065577395	0.28124717	0.18706128	-0.041324288	-0.12414126	-0.09488441	0.117414154	-0.102457725	-0.23498045	0.04427638	-0.24126516	-0.084784955	-0.10548114	-0.05256604	-0.084934235	0.05130058	0.11391612	-0.011568319	0.052410766	-0.2578461	-0.12764026	-0.24363875	-0.23366208	-0.2031282	-0.18161465	-0.24008255	0.11895262	0.03298237	-0.1889924	-0.086611755	-0.059259355	0.008612294	0.13235147	-0.1149696	0.009386553	-0.13981453	0.16948295	0.24248277	-0.2947099	-0.0393812	-0.03414699	-0.06790122	-0.21853882	-0.23359478	-0.0141595015	-0.00073294854
-0.047839995	0.041767426	-0.09926316	0.115721196	0.2084959	-0.052406758	-0.152136	-0.035309512	0.08225202	-0.07665536	-0.07141713	0.028392214	0.012819264	-0.243516	0.20577362	-0.08857898	0.061952952	-0.30090216	-0.17388266	0.22241074	0.017103428	-0.21381553	-0.26452634	-0.03320934	0.20127645	-0.03512172	0.23699653	-0.13392241	0.07013988	-0.14186537	0.0058208737	-0.110924944	-0.18158878	0.20310608	-0.252988	0.14744748	-0.1500921	-0.14926922	0.036290642	-0.18763849	-0.15732577	0.17994536	0.11450392	-0.08773472	0.10590231	-0.109578885	-0.11881722	0.18441236	-0.021577293	-0.07624563
0.11201259	0.009689171	0.05236159	0.20872135	-0.21406132	0.19649585	-0.29189807	-0.0031655475	0.14771424	-0.051034313	-0.15027393	-0.1479028	-0.09869008	0.018602712	-0.105728	-0.17915806	0.14426419	0.054590236	-0.20483345	0.18596299	-0.039172273	0.088042445	0.08348438	-0.026982425	0.18781614	-0.102372915	0.041850705	-0.18967913	0.083533175	0.10676646	0.1704037	0.101833895	-0.0905829	-0.09308293	-0.19221704	-0.025482826	0.18700293	-0.08507274	-0.12679686	-0.19368652	-0.031748332	-0.12840912	0.059178226	-0.09904711	0.07900703	0.15089141	0.02791236	-0.10669933	-0.02255279	0.0046051983
-0.06986808	-0.097304635	-0.06645538	-0.008735977	0.05376556	-0.107023194	0.2177815	0.06686896	-0.07608568	0.1485241	-0.11783154	0.053624228	-0.14359702	-0.08012973	-0.053969584	0.0036597075	-0.21112448	0.22499265	0.050373822	-0.09298512	0.21564032	-0.012367192	0.01925855	-0.022676906	0.011407842	-0.06559151	-0.16600978	0.002853755	-0.10659878	-0.03343413	0.21912332	0.16370863	-0.06390937	0.07708746	0.047161702	-0.011680041	-0.23138939	-0.08516361	-0.0900982	0.05270326	0.19566128	-0.09766965	0.15772223	0.029570471	0.08183612	-0.00741604	-0.093538634	-0.06991087	0.13218899	0.05521158
-0.101229094	-0.05210723	0.12064612	-0.10085775	0.0196961	-0.09414558	-0.12285913	-0.06424583	0.09228315	-0.042417645	0.2585098	-0.20745894	-0.012940531	0.06711545	0.06142082	-0.07736566	0.1585858	0.009311496	-0.01547104	-0.0010771388	0.05628102	-0.18133634	0.18084891	-0.13261005	0.035958488	0.009863123	-0.028766954	-0.15330382	0.09519037	0.04004334	-0.01795865	-0.04658835	0.124091186	-0.0528637	0.028259456	-0.017152714	0.084318236	0.05894183	0.06699591	0.26339337	0.2113645	-0.17542414	-0.18641248	0.18328296	-0.26784196	0.06460978	-0.09594409	0.17135827	-0.118001275	-0.119341575
-0.06999069	-0.031219825	0.011186721	-0.16292043	0.2861483	0.069013335	-0.23112357	0.22339909	-0.17976633	0.16407159	-0.1441564	0.19494124	-0.12762569	0.091502875	-0.250054	0.28203863	0.08703337	0.19570047	0.12328336	0.09985553	-0.013287548	0.14171627	0.20200354	0.109443925	0.09042536	-0.16192767	-0.124301605	0.17060557	-0.011823192	0.036607128	-0.19362125	-0.10896738	0.05768427	-0.22729932	-0.17643493	-0.051465664	0.14373058	-0.046896517	-0.05750708	-0.0858727	0.064767994	-0.014494159	0.13026598	0.12450082	-0.03706292	0.048236005	-0.2266371	-0.06623488	-0.18834192	0.061194856
0.12032122	-0.11523767	-0.039329756	-0.053658426	0.08498849	0.024662554	0.05791569	-0.16225313	0.03349817	-0.123483524	-0.15394181	0.23344068	0.11515683	0.015812498	-0.069991276	0.0060399184	0.2261081	-0.08039937	-0.11913179	0.14127915	0.196723	0.08675301	-0.11311908	-0.029936122	-0.09545152	0.05652344	-0.16120845	-0.008862471	0.19839141	-0.15914929	0.12259385	-0.12981494	0.06940344	-0.22721426	-0.21464449	-0.015109524	-0.25311187	0.07257559	0.14456646	0.12245901	0.089846335	0.21752834	-0.05461385	0.26109824	-0.15728928	0.098060995	0.08465616	-0.048860814	-0.0028107648	-0.122511074
-0.17139842	0.1288279	5.029708e-05	0.107525654	0.021503808	0.08926817	0.059347443	0.081714615	0.009458303	0.052885946	-0.11985234	-0.08119234	-0.10122275	-0.1665108	0.024140328	0.08742872	-0.02317427	-0.22800733	0.15522502	-0.025930895	0.050502535	0.15132613	0.046531044	-0.02513018	0.2286776	-0.16210115	0.18868269	-0.2853397	-0.12104117	0.15045446	-0.21553795	-0.08290354	0.020720884	0.12134372	0.10629386	-0.17149094	0.04166064	-0.17302743	0.17421803	0.1805366	0.12443315	0.099235795	-0.0603755	-0.22047417	-0.061450575	0.080000736	0.10044198	-0.09761063	-0.049744606	0.021421848
-0.12830521	-0.15532409	0.09176106	0.0023083019	0.14264554	0.15234484	0.079956695	0.16906445	0.112000085	0.03419986	-0.09600673	-0.117608346	0.011729479	-0.011584975	-0.052528102	0.0062516793	0.054733407	-0.028792752	0.09534384	0.036170863	-0.2649191	-0.09396384	0.1903513	0.23687537	-0.07706341	-0.049079794	0.07038993	0.17521809	0.0242191	-0.053758442	0.068577915	-0.029082444	0.051243845	0.24783568	-0.0725975	-0.09568778	0.00492617	-0.18005769	-0.086987734	-0.0616195	-0.08745366	-0.011748385	0.11756455	-0.21060906	-0.11344469	-0.021959808	0.096170895	-0.10566838	-0.060598	-0.13127062
-0.01034519	-0.21854584	0.08496631	-0.22494915	0.15261857	-0.009131914	-0.109824516	0.07983188	-0.23998083	-0.06312527	0.12759608	0.10270959	-0.11360802	0.115869254	0.0027703634	-0.20084822	0.065916926	-0.1422518	0.071386784	0.11985997	-0.016845345	0.036916107	-0.016417779	-0.12172336	-0.14457133	0.09545469	-0.16638768	-0.16743799	-0.07049676	0.003810352	-0.021361051	-0.041171886	-0.041634887	0.03900323	-0.14035514	-0.16296904	-0.25738603	0.20597951	-0.111039914	-0.23543033	-0.08273322	-0.26979944	0.19118859	-0.12400104	-0.04671533	0.20685339	-0.17190132	0.097649455	0.1466406	-0.113364056
-0.043016344	-0.16519538	0.04521594	-0.1377625	0.08158311	-0.007046549	-0.04793819	0.18593748	0.042838242	0.06373466	0.11131379	-0.16571483	-0.23685645	0.03701711	-0.028291034	-0.22729732	-0.16684878	-0.22733028	-0.10141478	-0.03609419	-0.059553705	0.19036849	0.012753704	0.034380306	-0.1472372	0.1541011	-0.02757355	-0.038441516	-0.1528504	-0.19080436	0.0067483154	0.09258966	-0.14178328	-0.0673185	0.082939215	0.035789955	0.2588726	-0.18050374	0.097659886	-0.24572057	0.041351266	0.027665887	-0.1224525	-0.021224491	-0.069043376	-0.027951784	0.20505624	-0.18470958	-0.02565907	-0.01719969
0.08324997	-0.015628707	-0.12155458	0.13161892	-0.029366447	0.14399153	0.02968045	-0.086958535	0.041699197	0.14071308	-0.0011790047	0.15865885	-0.08374718	0.02999914	-0.15491512	-0.21869631	0.07746689	-0.028683614	0.010378491	0.12774345	-0.057372604	-0.0628074	-0.22215813	0.16206291	-0.09581926	0.034972947	-0.06239006	0.25537765	0.002182376	-0.03257952	0.16276772	-0.015657976	-0.0097213555	0.15579106	0.04287314	0.1899993	0.13600516	-0.18003523	0.03387528	-0.27041426	-0.104210325	-0.0961485	-0.005478819	-0.08336181	-0.20723097	0.002660467	-0.0814319	-0.2442259	0.022540044	-0.048947483
0.103556596	0.18157136	-0.2516291	-0.025400704	0.03973427	0.044039447	0.0129952105	0.24950768	0.07668862	0.19705611	-0.030692002	-0.08961699	0.011870805	-0.1786448	0.06267743	-0.047698	0.0053089214	-0.13136873	0.0052582263	0.1226786	-0.031167509	-0.155125	0.19249181	-0.10968519	-0.17104848	0.045714017	-0.2156843	0.20954515	0.1824139	0.16584249	0.24139817	-0.10963623	-0.26100874	0.12080862	-0.08780992	0.07147361	0.20980787	0.011813419	0.11709199	-0.079333566	0.109510586	0.10241893	-0.13127139	-0.088126585	0.1330535	-0.09881177	-0.123233005	-0.1793846	-0.10498251	0.07575662
0.07560505	-0.15776283	0.041280266	0.09648815	0.11247084	-0.0063104443	-0.15165423	-0.077397585	0.006488925	0.2624928	-0.029688729	0.1927668	-0.10181497	-0.041503746	0.07921429	0.05540205	-0.0051852167	0.009659128	-0.06431001	0.062670715	0.05445361	-0.0815625	-0.12769403	0.10305095	0.20765117	-0.16411424	0.01379595	0.004884601	-0.17633656	0.0881644	0.044903345	-0.07154445	0.012048802	-0.15367559	0.25457138	-0.03427232	0.028450646	-0.12419843	-0.15568237	0.23936844	0.123115085	-0.09594929	0.0052407016	0.16552468	-0.060320016	0.14258146	0.05219289	0.06845988	0.006513942	0.076763876
-0.22013742	-0.040144905	-0.2078803	-0.12972248	-0.025170136	0.13519663	0.27746585	0.11626521	-0.06005241	-0.018825637	-0.0619279	-0.05136816	-0.058772814	0.013308616	-0.0959991	0.04756818	0.21005613	-0.108491614	-0.07718293	0.09885272	-0.021180656	-0.05695336	-0.16814373	-0.24691214	0.17067678	-0.008881627	-0.034357168	-0.09334083	-0.035154685	0.05257231	-0.16352512	-0.1688798	0.0021373802	-0.040920906	-0.17338096	0.006578995	-0.015483137	0.00042177946	-0.114400424	-0.09578803	0.007216969	-0.02051214	-0.2033264	-0.120753035	-0.01590511	0.08449082	0.2025206	0.017795568	0.18086325	0.026291778
-0.018919518	-0.19671758	-0.22301127	0.1438089	0.07528453	-0.16090322	-0.17794761	-0.07138128	-0.14568043	-0.17668928	-0.063714765	-0.08819186	-0.015551327	0.074415624	-0.08334888	0.25147852	0.0012045469	0.06302549	-0.11963949	0.00044120912	0.04022983	-0.2093071	0.07396579	0.12410572	0.098995686	0.29063773	0.09665953	0.17285186	-0.115037054	0.17840469	-0.008138957	0.01759472	0.08799456	0.11076178	-0.10087467	-0.075638145	-0.016392756	0.018738983	-0.14630887	-0.042884417	-0.0966478	0.13624255	-0.17453292	0.04813581	-0.1871236	0.114796214	-0.0014857049	-0.06874326	-0.029549997	0.19278497
-0.008435416	-0.09082072	0.15764667	0.08275459	7.456278e-05	-0.09953711	-0.14502227	0.2047452	-0.21374205	0.03818237	-0.09710375	-0.23277983	-0.008095262	0.009370381	0.0677015	0.05904005	0.11326754	0.08699922	0.037848715	0.11615003	0.14334631	0.13334268	0.067338936	-0.06289141	-0.013536651	0.066863276	0.0026846188	0.0997957	0.19594467	-0.009254294	-0.061065175	0.12738168	-0.1962261	-0.050758045	0.17814077	-0.12955417	0.13609609	-0.020903157	-0.079485595	0.13668695	0.0009158411	-0.11105243	0.08192378	-0.22483438	0.21345505	-0.063912444	-0.08556004	-0.088346675	0.05970139	-0.049701307
0.06006035	0.14554708	-0.19040966	0.13415813	-0.14360547	-0.049000967	-0.087668635	0.08109462	0.08333876	0.024211193	-0.040548053	0.23203512	0.034792222	0.0074204206	0.19748178	0.08404856	0.020415124	0.19948392	-0.040425166	0.20189889	0.056780923	0.11867371	0.043129258	0.031884987	-0.10414633	0.16940433	0.156875	0.098391704	0.05832536	-0.17190666	0.18802321	0.024498401	-0.041125607	-0.09458646	0.2348198	-0.08959807	0.12965138	0.084521525	-0.037051924	0.027084613	0.13679634	-0.1475387	-0.15000185	-0.013584902	-0.0771508	0.23752184	0.049470674	0.15125425	-0.07620394	-0.02071029
-0.20427442	0.080279596	0.19380732	0.09781138	-0.16888194	0.094913706	0.14451501	0.03021956	-0.03366461	0.009236456	0.109619915	-0.08630965	0.27769887	-0.006611292	-0.2901618	0.1176785	0.25931713	0.029202845	-0.16499844	0.117563985	-0.10929576	0.072972536	-0.018275945	-0.07472652	0.12240265	0.0935027	-0.07172834	0.0145157585	-0.09752837	-0.2135417	0.10198104	0.00446943	0.09541103	0.017031962	-0.21297999	0.16084364	-0.05737761	0.00305487	-0.059350617	0.08320127	0.0058953282	0.04762914	0.12003226	0.071171395	-0.06806426	0.17071101	0.02874138	-0.06628242	0.18386476	0.06975255
0.14485726	-0.12502229	-0.0583544	0.12858191	0.021894287	0.103031956	-0.03814779	-0.013396778	0.20448762	0.26590127	-0.2741127	-0.18495819	0.004255294	0.016375618	0.16818048	-0.1322566	-0.17251	0.06861651	0.239557	-0.082417935	-0.2590622	0.17896296	0.07140596	0.052790716	-0.017647687	0.16784124	-0.14842391	-0.111386	0.14850333	0.18834038	-0.08338714	-0.13054252	-0.16984324	0.11771579	0.013545769	-0.0042153583	0.0009838684	-0.06235462	-0.10471846	-0.24040453	-0.07158397	-0.011812267	0.09294377	0.05846724	0.096828744	0.062615454	0.08183593	-0.04281798	0.13344279	0.004513053
0.17980418	-0.050612994	-0.017986376	-0.14797305	0.07424006	-0.21815021	0.08698183	0.0164251	-0.023040505	0.022466727	0.060919385	-0.06696426	-0.0025603643	-0.055180628	0.21279559	-0.053014234	0.23697622	0.116143525	-0.1609593	-0.012439348	-0.102503195	0.11966415	0.08011505	0.07669347	0.029035825	-0.05655462	-0.064366	-0.022386836	-0.15364379	0.05843615	-0.20081949	0.016188059	-0.14906882	-0.08920267	0.086839214	0.095872976	-0.04324955	0.052031696	0.04202841	-0.2306228	-0.021591464	-0.020448625	0.0007642593	0.115105584	-0.010781012	0.20162584	-0.05683774	-0.03691339	-0.11534856	-0.16751716
0.05560967	0.11904065	-0.07655099	0.08615588	-0.006812112	-0.21684556	-0.09329213	0.100634106	-0.0893456	-0.15188383	0.14025182	-0.027112631	0.0072743045	-0.0026048182	0.10175572	-0.18454452	-0.1607511	-0.23762311	0.08319137	0.053248655	-0.11111973	0.20742099	0.07876308	-0.08450313	0.021333072	-0.08507697	-0.04117388	0.054684706	0.18111195	-0.11934399	-0.041215047	-0.094460584	0.09485925	0.003952718	-0.0012124148	0.06681209	-0.19257052	0.005849149	0.09565007	-0.1734087	-0.08776939	-0.205095	-0.099463545	0.2884871	0.23297498	0.19783464	-0.1350497	0.14196767	-0.10988585	-0.036058735
0.047936685	0.039232314	0.16921903	0.018173745	0.04037579	-0.116293915	-0.23740125	0.00019312433	0.04725606	0.040804457	-0.08119924	-0.016017806	-0.020918839	-0.03718771	0.09112496	0.29404655	0.10622978	-0.2616548	0.041222706	-0.1383416	0.024035364	0.2541881	-0.16105987	0.11656187	-0.022569168	-0.039105546	0.042982217	0.119454354	-0.14516264	0.004237394	0.06513496	0.12925501	0.06121019	0.11154886	0.109061494	-0.012610175	-0.144293	-0.105875276	-0.25261623	0.07731224	-0.01598441	-0.0711844	0.029441562	0.22506568	0.019940814	-0.012442435	-0.049271908	0.18044122	-0.026822671	0.06984992
-0.041100223	0.06431169	-0.275345	0.18388033	0.010794275	-0.1592096	0.0096864775	-0.22678247	-0.06698573	0.02919643	-0.112030864	-0.15367594	0.018472152	-0.022700362	-0.035053138	0.10260278	-0.195295	-0.021602213	-0.22450563	-0.20319058	0.008691585	-0.19816917	0.03700063	-0.10446016	-0.21756978	0.13913746	-0.049267538	-0.083012655	0.0898467	-0.116488576	-0.0015182913	0.21606095	-0.028505698	0.2131361	0.13738783	0.03126564	0.13321671	-0.06574758	-0.22274655	-0.06896583	-0.06677414	-0.20189066	0.0056918585	-0.16965128	-0.031138632	-0.03704039	0.04939126	-0.0960033	0.20363083	0.0295816
-0.26882225	0.03286671	-0.02967111	0.055600766	-0.0937099	-0.09191874	-0.24451327	-0.016758997	0.07514847	-0.0096735945	0.2799345	0.012254104	0.012548606	-0.15259214	0.055437073	0.10509896	-0.14181484	0.06089286	0.14337578	-0.00031203503	0.070130095	-0.2936353	0.104969814	-0.02440423	-0.16643192	-0.18293764	0.2129222	-0.018736914	-0.10016089	-0.06317831	0.01055758	0.20451534	0.021129806	-0.014805527	-0.19574708	-0.025188068	-0.12512523	0.108703315	0.15964265	-0.019035365	-0.18879327	-0.20235056	-0.01924443	-0.14650486	-0.16018796	-0.017394142	-0.03840619	0.13970035	0.13428803	-0.026404308
0.021147864	0.11275743	0.23765643	-0.054993745	-0.14813991	-0.07354573	-0.17410633	0.07497752	0.037688714	0.21565968	-0.024228502	-0.12780222	-0.07932588	-0.13320085	-0.040285125	-0.11164652	-0.16741927	0.20421363	-0.13769715	0.07827166	-0.1691889	0.097559154	-0.22799014	0.05956429	-0.10755796	0.118840575	-0.116637625	0.17191721	-0.13591379	-0.07156516	-0.17886357	0.031224407	-0.19190285	0.020024199	0.14698638	0.110381514	-0.022774994	-0.09129775	0.030418672	-0.09080603	0.008147201	-0.19226897	-0.10761521	0.22114131	0.088625655	-0.031663775	-0.13418269	0.21792346	-0.13026258	0.005594178
0.09303536	0.016552895	-0.23647301	-0.25083137	-0.122643664	0.27669668	0.24746643	-0.13750805	0.08895671	-0.137305	-0.22106685	-0.16642831	0.1413372	-0.08201439	-0.042299382	0.07386176	-0.0745306	0.122884035	0.20029911	0.014657969	0.005207628	-0.078779146	0.17676753	0.14304496	-0.02616575	0.043629494	0.116226465	0.12682289	-0.22918649	0.087296546	0.013794326	0.011002259	0.18079318	-0.018794691	-0.10021364	-0.08695084	-0.009790665	-0.054465886	0.024511445	-0.25028953	-0.1124553	-0.082645155	-0.05445543	-0.09045244	-0.14330688	-0.02244874	-0.0842056	-0.005469796	0.03755797	-0.10488063
-0.11582222	-0.14829431	0.1843136	0.073734105	0.03647697	0.06868818	-0.07742787	0.026459107	-0.15997112	-0.01504218	-0.0126909	-0.11792868	0.0127025405	0.054706644	-0.03353856	-0.2058873	0.18759985	-0.12764665	0.004756958	0.011700778	0.055963986	0.0965389	0.052565802	-0.062008202	-0.08036675	-0.0075569837	-0.20446496	0.023735384	0.22998953	0.039686736	0.016364276	-0.054399136	-0.15842949	-0.0025186136	-0.11284177	-0.058605865	0.03844527	-0.13541186	-0.18472686	0.25459555	0.073683746	0.21778247	0.087134786	-0.23262306	-0.1403821	-0.05625195	0.23415162	0.10965906	0.124095835	-0.035066236
0.016787047	-0.044261	-0.12815796	-0.04341225	0.07442893	0.16634493	0.06485611	0.08130094	-0.1325667	0.20631929	0.08557291	-0.10714116	-0.07539498	0.09816904	-0.13148856	0.010298326	0.013898316	0.011839358	-0.07358834	0.04638202	0.014496667	0.18303747	0.07821407	0.20775482	0.04314755	-0.03245326	0.0056117545	-0.036489774	0.26975366	0.14181618	-0.030574184	0.05342758	0.21070902	-0.017642213	0.026571056	-0.13637063	-0.048554357	0.009897124	0.04844023	-0.019705653	0.071353786	0.10629821	0.008175329	0.16834623	-0.03524316	0.11362908	-0.030638108	-0.104729734	0.106825136	-0.0173238
-0.24611075	0.10087132	-0.1899881	0.18189533	0.09404141	0.20968772	0.21162276	-0.02889535	0.073851295	-0.16738774	-0.005280761	-0.13296874	0.10215251	0.246744	0.105031386	-0.056135148	-0.03626185	-0.034804802	0.090506725	-0.12092961	0.18027776	0.092446886	-0.16156033	0.1383433	-0.26729378	0.08727471	-0.079247475	-0.17930534	0.091708824	-0.13246623	-0.12121989	0.18962029	0.046696253	0.061654404	-0.0021459134	0.038330283	0.06721474	-0.21303628	0.14191344	-0.20241119	0.047467124	0.13327876	0.009576333	-0.103518225	0.10029288	-0.17665865	-0.16635184	-0.23767155	0.16926001	-0.069087565
-0.10116328	0.11204523	-0.2043285	0.03585268	-0.008323444	0.29380667	0.0071455785	-0.10472669	-0.050709385	-0.06576277	-0.037331603	-0.032660253	-0.107778795	0.08694072	-0.12754929	-0.2039502	-0.031015944	0.20317988	0.060662344	-0.15774082	0.11639208	0.022180308	-0.12714243	0.06266626	0.009472132	0.1295884	0.06082127	-0.03197055	0.07836963	0.063593626	0.06607187	0.059187718	0.111153394	0.12423272	-0.23116201	-0.039574824	0.13342302	-0.0042701596	0.13555643	0.16240948	0.07731928	-0.22553849	0.16101265	0.01138377	0.14687543	-0.11158476	-0.021675743	-0.05806053	-0.092799015	0.23714809
0.068362534	-0.09101164	0.12590587	-0.15198842	-0.26208353	-0.0279602	0.05540924	-0.021167891	0.2354339	0.18222952	0.2578467	0.009825942	-0.006690023	0.17044818	-0.09888126	-0.17420663	-0.019045185	0.13070688	0.06841167	-0.20215844	-0.019065509	-0.06872998	-0.02498401	0.0056727473	0.15762876	0.036055066	-0.005373491	0.037711926	-0.039919835	0.16719727	-0.033046678	0.06969937	0.24612752	-0.19023007	-0.13815998	0.02945065	0.0112532675	0.059300985	-0.015566212	0.18204138	-0.20081492	0.15512416	0.22514105	0.036477186	-0.11228445	0.11435352	0.04717185	0.118895695	0.032201096	0.06827542
0.15801917	-0.059177406	0.0087813325	-0.06405122	-0.06813072	-0.0071617756	-0.123220265	-0.14975502	-0.10170417	-0.105922446	-0.10358297	0.061343662	0.13637047	0.22207859	0.23725429	-0.08210453	-0.049016897	-0.25793535	-0.09214845	-0.15506029	-0.16667248	0.07227832	-0.12713176	0.0059489924	0.20837556	-0.10177749	0.10528241	-0.017456844	0.09922555	0.04240656	0.10475963	-0.15012626	-0.00021820885	-0.12893622	0.10656628	0.14926097	0.10643951	0.059092168	-0.1807463	0.10562452	-0.03814243	-0.09508323	0.089000106	-0.1053924	0.14419769	-0.11828653	0.19237041	-0.004740027	0.0118083665	0.07610176
0.100512035	-0.13552284	0.12335262	0.2696371	-0.14925504	0.065686055	-0.079302676	0.06015994	-0.21162173	0.15015708	0.094562955	0.07131412	-0.048149683	-0.036952768	0.007832461	0.15529536	-0.11341567	-0.05244915	0.016246216	0.003034874	0.014447499	-0.13443993	-0.12005894	-0.14004864	-0.016359499	0.16212319	0.0916225	-0.021987043	-0.110267796	0.06336593	0.15052956	-0.006504768	-0.120340295	0.0038704644	0.19698186	0.06896032	-0.026226496	-0.08648667	-0.05540031	0.07073371	-0.0357541	-0.028455446	-0.020763228	-0.17517276	-0.095143184	-0.06548244	-0.1807945	0.07982026	-0.008607604	0.045285948
-0.015075574	0.048113354	0.11861681	0.19984795	0.22548634	-0.09513563	-0.20861676	-0.017020077	-0.05020565	-0.0071630087	-0.02247127	0.17747891	0.09527188	0.080725476	0.20351166	0.024625292	-0.12694784	-0.16293952	0.14512098	0.07961498	-0.07944955	-0.18249145	-0.09555189	0.216888	-0.08081836	-0.057192348	0.16666904	-0.06415798	-0.25622007	0.08382528	0.102039136	-0.042338915	-0.0058828224	-0.1871017	0.08375763	-0.18365411	0.03884375	-0.029053766	-0.010297955	-0.2209676	0.17587766	-0.028430412	0.045202073	0.1873141	-0.03472206	-0.034438554	0.05432051	-0.18719421	0.007085493	0.1643066
-0.1378788	-0.095883854	-0.09420953	-0.2390877	-0.045100097	-0.03770408	-0.03340195	0.16845697	0.03600743	0.021978451	-0.043982618	0.12675795	-0.13088195	-0.13462499	0.052880567	-0.19174644	-0.08871761	0.12272817	0.15260911	-0.047710977	-0.014201993	0.0509306	-0.06512657	-0.091143735	0.1410006	0.01242975	0.22852774	-0.1408794	0.18306355	0.06912146	0.025529312	0.15328164	0.020542465	0.04670894	-0.046473004	0.24854267	0.08357889	0.27382007	0.017034559	0.07178573	-0.021683933	-0.051272616	-0.14387028	0.19149497	-0.0714989	0.09523404	0.013909047	-0.08766724	0.10713	0.023617141
-0.05684338	0.038529724	0.003054488	0.19828838	0.05177145	-0.036334258	0.26115865	-0.0145489415	-0.050396666	-0.11501082	-0.036119677	-0.07566831	0.106393404	0.12080865	-0.0074459487	-0.0479143	-0.23779698	-0.026634928	-0.06445458	0.04106962	-0.058244806	-0.1817941	-0.043678075	-0.0016217051	-0.118948	0.10674068	-0.18517147	0.14331812	-0.2127709	-0.009839411	0.04916433	0.023638967	0.23022208	-0.06599106	-0.051030647	-0.06717602	-0.1963397	-0.0025546646	0.27600256	-0.15621124	0.034039874	0.016365103	-0.015834441	0.08307192	-0.045973316	-0.14534716	-0.22368732	0.1275167	0.24495067	0.04127445
-0.117223345	-0.14654277	0.19314738	0.18467495	0.07301608	-0.27210802	-0.11793173	0.01377095	-0.01625074	0.004433768	-0.03913789	-0.005733661	-0.21645722	0.10058035	-0.15596849	0.29903376	0.047179908	0.0003981745	0.074044935	-0.017164933	0.12468204	0.11780077	0.1510086	-0.0013125115	-0.060217306	0.09195194	0.004011626	0.00818873	0.034671184	0.07091911	-0.021633457	-0.23733993	-0.07691521	0.22082233	-0.16649693	0.037541457	0.14593174	-0.18976809	0.0005326006	0.05308386	0.18469551	-0.0007222962	0.014166127	0.18017821	-0.09851879	-0.2687065	0.067505226	-0.11974194	-0.15929803	-0.079374745
0.052764058	-0.22751015	-0.0849651	-0.20602764	-0.051495172	0.11157544	0.046812043	-0.028380664	0.105962	-0.15154102	-0.0077972882	0.099769324	0.2099846	-0.028962636	0.029733043	0.13535927	-0.16687682	-0.036983438	-0.16871718	0.103935376	0.23122406	-0.10756777	-0.03251724	0.11528628	0.01086771	-0.09254153	-0.052391	0.033923406	-0.028316276	-0.11955997	-0.11723299	-0.035982795	-0.28473756	0.25784484	0.20226672	0.09284219	0.10384546	0.016925257	0.15176585	0.027575236	-0.11122303	-0.058314774	-0.18836254	0.100546226	0.1435342	-0.1286423	0.05650251	0.069279194	-0.0053247376	0.06611985
-0.0067642503	-0.037426367	0.10704726	-0.059488453	-0.09304432	0.16172367	-0.0064670523	0.09955941	0.11792413	0.11146649	-0.06663715	0.0017496726	0.14203285	0.112153865	-0.07906357	-0.056654505	-0.0031308676	0.09136355	-0.0547816	-0.107644886	0.109431915	0.009293423	0.14223881	-0.02108306	0.030148521	-0.0564532	0.112387046	0.08561382	0.1461929	0.0174176	-0.19275594	-0.06271656	0.047652736	0.120274045	-0.07996524	0.12315488	-0.10266285	0.06886764	-0.22067212	-0.18217237	-0.062765926	-0.15945446	-0.036730163	0.17075732	-0.03542969	-0.09812594	-0.04242182	0.13952662	0.019487152	-0.119814694
0.14238365	0.2069005	-0.15203312	0.027299175	0.0425479	0.114634305	-0.056654364	-0.17785618	0.054989148	-0.24751073	0.18044883	-0.14238998	0.1289461	-0.13805598	0.17820895	0.0112310685	0.13644259	0.07385919	0.10128843	0.08398719	-0.02178857	-0.035940796	-0.032895923	-0.073812865	-0.22865187	0.0034855518	0.11240229	0.115743026	0.2528825	0.073413834	0.2454424	0.05090671	-0.25000727	-0.17732877	0.09258345	-0.027584823	0.041493226	-0.031482685	-0.01420923	0.048763692	-0.005812647	0.023711927	0.046363294	-0.07592965	0.2233289	0.028734773	0.050908133	0.09102075	-0.18440107	-0.019785186
-0.24415228	-0.03572686	-0.116477974	0.24918489	-0.009907166	0.076379776	-0.09454321	0.17117396	-0.028481888	0.18401197	0.008922285	-0.058224298	0.03707336	0.27481225	-0.13791448	0.031906333	0.040791932	0.06800143	-0.002702524	-0.0010662747	0.07635082	0.24286978	0.14707139	-0.17662859	-0.06275031	-0.17754441	0.11292851	-0.075389914	-0.038775444	0.07445593	0.027721107	-0.016975868	-0.061245903	-0.1011716	-0.080295846	0.2077401	-0.12791649	0.09699296	0.058342632	-0.23467924	0.1306022	-0.13730113	0.17320924	0.027020788	-0.12624177	0.057388566	0.09212604	0.015345709	-0.019836567	0.0013873046
-0.022006169	0.092017375	-0.12663339	-0.27227235	-0.07827762	0.17164429	-0.023345545	-0.1632974	0.002717732	0.092781335	-0.056426067	0.1435229	-0.09459872	-0.12961651	0.12062832	-0.020732187	-0.07785653	0.010214094	0.11461454	0.059268653	-0.18582395	-0.1479042	-0.00093406095	-0.0635284	-0.061924182	-0.08560719	-0.081253685	-0.014182071	0.14804241	0.09178761	-0.037760578	-0.1174891	-0.15901288	-0.00028744515	-0.12901369	-0.22303851	-0.04657621	-0.1751703	-0.1794654	0.19333746	-0.1524234	-0.02960236	0.12300104	0.0020736463	0.019038863	-0.097754836	-0.1817091	-0.10190107	-0.08085385	0.18604189
-0.19088435	-0.027496235	0.2228526	0.053390995	-0.12208156	0.08810548	0.097265445	-0.039158113	-0.17598416	-0.037819125	0.06667107	0.03458479	-0.17828456	0.13747825	-0.12249463	-0.031005174	-0.25674665	0.1632753	-0.16646674	-0.014065124	0.07250277	-0.09060017	0.09454377	0.19330713	-0.0066866665	-0.18146415	0.022337511	0.05412978	-0.035897765	0.27049232	-0.20306627	0.12884797	0.06086849	-0.15878594	0.24475329	0.05740374	-0.2664956	0.0075346585	0.005677651	-0.1103246	0.021736866	-0.026073316	0.028547084	0.2243211	0.09662676	0.16414131	-0.12406599	0.07158445	0.15033278	0.050314136
0.03387162	-0.06760017	0.0035658765	-0.04319325	0.08309755	0.11399015	-0.008224499	0.060667623	0.03275173	0.15293312	-0.11084288	0.020072307	0.050684378	-0.0047674375	0.24672484	-0.04182747	-0.18945387	-0.087614916	0.11190393	0.23941652	-0.07658168	-0.039418273	-0.14168239	0.108499475	-0.0061474745	-0.074632056	-0.04644306	0.0126222605	0.21218166	0.009093317	0.048844915	-0.08055182	0.014391279	-0.087399125	0.055800512	0.23382238	0.15416308	0.13109937	0.165732	-0.1604614	0.07849507	-0.04169376	0.15674366	-0.02451995	0.15651584	-0.01658809	-0.112323895	0.24425519	-0.24165457	-0.15099978
-0.09178675	-0.09666388	-0.08146638	-0.15336122	-0.016487738	-0.010219551	-0.028797353	-0.035582207	-0.04368411	-0.0061632604	-0.0038658604	0.08986853	-0.072884485	-0.18670447	0.2544329	0.06042178	0.21562427	0.07099436	0.033033427	0.09345742	0.16313635	0.0676988	-0.20043856	0.19056824	0.09036357	0.044372145	-0.1393648	0.26205808	0.18589278	0.13382505	0.046538472	-0.05687665	-0.08455293	0.1896657	0.02803383	0.04734519	-0.2587253	0.08617502	0.09353117	-0.09871398	-0.02274075	0.07132848	-0.18009308	-0.041099302	-0.14837821	-0.06821518	-0.013631195	-0.01865874	0.103842065	0.07917332
0.017412912	0.16580762	0.2287863	0.1491674	-0.021218484	0.08717432	-5.4299577e-05	0.08034101	-0.16695124	-0.035832617	-0.021517852	0.019486608	0.19814268	0.045479003	0.25525498	-0.14437985	0.041913148	0.07376571	0.053933617	-0.102879204	0.12790424	0.10712883	-0.21204233	-0.1177185	0.0141947055	-0.09000658	0.05649184	0.06377197	0.22223766	0.103039116	0.15056105	-0.10187324	0.25693992	-0.059828214	0.1417471	0.11381305	0.027278373	0.12351279	-0.05625881	0.085790984	-0.108570136	0.102359556	0.014338267	-0.21929634	-0.2585551	0.2042065	0.15721335	-0.06179244	-0.06806276	0.038064115
0.0843608	-0.22217843	-0.03639033	-0.035983525	0.0031585724	-0.04683068	0.17733578	-0.041839655	0.001901785	-0.0057942388	-0.16644467	-0.01157224	0.17758766	0.07003807	0.12926538	0.09467969	0.07026848	-0.20357032	-0.026701719	0.005546108	-0.015546937	0.16877364	0.20794863	-0.04471263	0.09958641	-0.086959794	0.03256197	0.103673644	0.15055591	0.1731571	0.1813984	-0.13407241	0.008621773	0.08184947	0.046047065	0.114333384	0.14117078	-0.18323325	0.007006037	-0.007450732	-0.23241787	-0.05101852	-0.028594501	0.036457952	0.27119455	0.06275004	0.1692402	0.16176084	-0.04606571	0.038718503
0.105155505	0.18859069	-0.18112761	-0.14524993	0.017765738	-0.056553002	-0.019076956	-0.19129963	0.12371031	0.037661523	-0.1136728	-0.10145515	0.059360515	-0.21005894	0.06013054	0.09374733	-0.016422313	0.07750769	-0.14614855	0.12798177	-0.08894553	0.03183373	0.013254344	0.08853416	-0.21053225	0.038052797	0.18923135	-0.036355585	-0.012399608	-0.21663027	-0.25561804	0.22079155	0.16088025	-0.24159694	0.0038255027	0.017055722	0.16805536	-0.09214061	0.20498838	-0.09029162	-0.022050124	0.15658346	0.09554519	0.054888554	0.075389095	0.017608121	0.031483084	-0.17610191	0.123573154	-0.25237733
0.09539	0.12647785	-0.028879864	-0.049614485	-0.0670214	-0.22699544	-0.14212601	-0.12917712	-0.034616716	0.17456743	0.026205689	0.18723227	-0.15591383	-0.18462506	0.12173228	-0.06667058	-0.069673836	-0.07455317	0.16773511	-0.16599227	0.25258154	0.02070021	-0.102794945	-0.12032301	0.17379308	0.08318368	0.14284302	-0.24160711	-0.18867274	0.2228222	0.018321792	0.178351	-0.25025442	-0.19560167	0.013004893	0.19596776	-0.23838802	0.098991804	0.068885356	0.21754426	-0.01682749	-0.02407919	0.19771814	-0.022382746	0.14551441	0.18815272	-0.017632369	-0.051604863	0.0995646	-0.06412058
0.0319586	0.23923825	-0.085482836	0.067985594	-0.18687806	0.1449277	0.020050714	-0.0788207	-0.14012633	-0.20627275	-0.11930349	-0.03768326	0.039964657	0.032865074	-0.18181852	0.16802624	-0.26248825	-0.1545221	0.24510938	0.029575411	0.08482212	0.17861216	0.0073627764	-0.113123305	-0.22669962	0.27121025	0.056869436	-0.012903789	-0.018856127	-0.107402146	-0.13771579	0.16621171	0.037949868	-0.043586344	0.060606323	0.08577711	-0.21091257	-0.052839417	0.05751173	-0.063557506	0.16761883	-0.08693445	-0.12217318	-0.10879677	0.014489437	0.010233197	-0.05676889	0.18847899	0.11916477	0.055146303
-0.1715706	-0.1535093	0.1537528	0.02195029	-0.13989997	-0.1565127	-0.04446598	-0.083563	-0.20131238	0.15752406	0.056608643	0.017869463	-0.12662219	0.07647255	0.20462386	0.08293007	0.12547214	-0.06398639	0.087175205	-0.095908344	-0.13561136	0.0499589	0.07735189	0.06350443	0.03976614	-0.113664895	-0.11331561	0.121610746	0.022770483	0.1384346	0.1396099	0.04127937	0.093084	-0.12662889	0.017959135	-0.13623624	0.049719024	0.0047171297	-0.24754755	0.17014045	0.049435195	-0.15164079	-0.025701309	0.19554369	0.15917034	-0.08190088	-0.103572056	0.025923876	0.2528481	-0.18488407
-0.024994414	0.07963172	0.14954542	-0.1516375	0.0585499	0.18863028	0.12098359	0.0711865	-0.086722374	0.0022109905	0.07514571	0.06267773	-0.23822965	0.0592994	-0.10686592	0.0450777	-0.05301367	-0.05274909	-0.0012341047	0.03671965	-0.03570561	0.0869585	-0.15249084	-0.12435438	-0.0982193	0.004683192	0.017587876	-0.18426526	-0.22676641	-0.052181154	0.03519997	0.09732214	-0.25254485	-0.1445639	0.026625073	-0.06481116	0.14417411	0.11452832	-0.11486039	0.15286773	0.041343026	-0.21627045	0.21766415	-0.07228279	-0.05501257	0.02355774	0.1132484	0.25473008	0.094079375	-0.1563293
-0.0035913691	0.17157061	0.1394442	-0.10333462	0.15139891	-0.14858015	0.1536171	-0.20390378	-0.043405946	-0.019395266	0.09590086	-0.019022606	0.1280267	-0.00792427	-0.08432417	-0.06520262	0.026359182	0.118916616	-0.27777243	0.06455844	0.10256978	-0.09656215	0.010710992	0.038390815	0.082367755	-0.04653939	-0.18494593	0.08444246	-0.15436958	0.05709096	-0.22354473	-0.07102303	0.19440567	-0.035719763	-0.20482047	0.00902615	-0.09132786	0.24673225	0.20959763	-0.0045480994	-0.09473337	0.011684287	0.033130877	0.016115041	-0.21278237	0.18607512	-0.011748928	0.09044939	0.031325016	0.17138816
-0.058650024	-0.27229315	0.12423606	-0.13447411	-0.12157891	-0.15616488	0.08579342	-0.09037813	0.04941102	0.037869435	0.019953981	0.13131091	-0.11188219	0.11827469	-0.005175304	-0.06517743	0.0922584	-0.024896873	0.18853304	-0.061807435	0.2767522	0.10509243	-0.004945234	0.15149134	0.0629346	0.008370668	-0.19347902	-0.14827067	-0.08213889	-0.0028660924	-0.0746761	0.0007534786	-0.031011263	0.13716987	0.13359192	-0.21295053	0.16917801	0.038496267	0.20700233	-0.082787536	0.18297204	0.24310061	-0.059533186	-0.20429069	0.050189782	0.07009947	0.034932915	0.22713779	-0.059462406	0.13216025
0.0775193	0.041981373	0.22519441	-0.2520205	0.1138544	0.044345066	0.14671336	-0.025166076	0.22855382	0.03833353	0.080389276	-0.0044458588	-0.22155133	-0.081896715	-0.0138545	0.039501958	0.055624858	0.1214773	-0.07762129	-0.009243874	-0.092889436	0.037493493	-0.04983528	-0.033405963	0.1797967	0.003290012	-0.2826409	0.0672141	-0.09735657	-0.11234225	-0.14633471	0.17623289	0.005097588	-0.21392454	-0.08472318	-0.04313466	-0.1165834	0.11365297	0.15484293	0.049679253	-0.23390199	-0.21638766	0.1725481	-0.18626066	0.053102516	-0.14781663	-0.05176528	0.17617127	-0.030849371	-0.085236795
-0.07367647	-0.0074650645	0.07707914	0.016272303	-0.12440048	-0.0717805	0.19949283	-0.20314226	-0.11293298	-0.08650184	0.026891686	-0.058150917	0.021815585	0.025189169	0.05114821	0.094574414	-0.09888495	-0.20600395	-0.09322136	0.021011068	-0.23161405	-0.16797523	-0.0112763	0.01882854	0.19432369	-0.1800714	-0.07205058	0.09937613	-0.12250976	0.07060682	-0.08020679	0.08336977	-0.12474526	-0.1475217	-0.0022676734	-0.045101073	-0.18584503	0.13837112	-0.218292	0.1552715	-0.04750591	-0.23359363	-0.07624532	-0.05438921	-0.11558254	-0.26216286	-0.24115151	0.2015168	0.06387046	0.17304768
-0.006268031	-0.15161252	0.009145495	0.15136607	-0.16390793	-0.116904244	0.13987017	0.09955264	-0.1764203	-0.028860396	0.028346464	0.009134231	0.1805656	0.104285836	-0.015574309	0.03824792	-0.14581273	-0.050521817	0.1863668	-0.029221602	-0.001446041	-0.035416435	0.07809659	-0.19059883	-0.21352373	0.060384944	-0.08246943	0.02748971	0.09066096	-0.06770439	0.12972838	-0.19548063	-0.07318323	0.052365582	-0.011086215	-0.13181311	0.14794353	0.20418711	0.0020243577	0.07210449	-0.07588401	0.0021645871	-0.10537573	-0.11912652	-0.07588067	-0.21169077	-0.049144123	-0.053030483	-0.2588311	0.14045434
0.1662345	-0.13358548	-0.08739012	0.12834732	-0.10212676	-0.16803232	0.0056791175	-0.15552893	-0.12184048	0.015199127	-0.20228097	-0.0011115249	-0.19219108	0.011434654	0.0040451456	-0.0075492198	0.040024463	-0.03081622	0.18299101	-0.01988426	0.04379861	-0.199778	-0.03385173	0.25459534	-0.02150179	0.07816115	0.106480405	0.251485	-0.019307444	0.023390913	0.17634723	0.10748534	-0.12902024	0.1931955	0.13864735	0.18899874	0.07770791	0.06289426	0.12260929	-0.10589694	-0.05296525	-0.06378662	-0.039196447	0.017749967	0.28519166	-0.017749917	0.16298176	0.03562463	-0.05545947	-0.12605232
-0.022460815	0.15807602	0.17379385	0.008870169	0.04982162	-0.17077185	0.07121026	0.0032136461	0.16642384	-0.13812153	0.05455947	0.11651704	0.035853334	-0.17807978	-0.2733138	-0.008057854	0.12223258	-0.24493769	0.057760283	0.25320998	0.00879461	0.17700419	-0.02599541	0.12873657	-0.06349102	0.23737262	-0.19419847	-0.08578408	-0.19692563	-0.12608466	0.07315853	-0.022744024	-0.018192891	-0.09587269	0.23505327	0.0928051	-0.0058882465	-0.07259155	-0.025629647	-0.037042376	-0.00996752	0.08063581	0.030414643	0.08595484	0.1269916	0.0592452	-0.04348317	-0.12861507	-0.013984272	0.1506867
-0.048098184	-0.24737324	-0.08949556	0.2925559	-0.031213358	-0.1489776	0.13545	-0.0057274695	0.20696479	0.075461775	-0.10428184	0.1063663	-0.08653453	-0.02074833	0.017451953	-0.1246928	0.09334503	0.13836426	0.008424082	0.023364833	-0.084590636	0.024240622	0.30076358	-0.12539193	-0.07921681	0.19924271	0.02970842	-0.07274779	-0.07769176	0.20252112	-0.019020319	0.010126565	0.18234694	-0.009564156	-0.1916226	0.14094226	-0.05941812	-0.014923022	-0.065951906	0.028005201	0.11494811	-0.2292068	0.0048865625	-0.01327727	-0.06371893	-0.20798819	0.021616733	0.010460292	-0.03116852	0.042808447
0.25204423	0.23561719	0.030555544	-0.037094735	0.1667137	0.25808752	0.003992666	0.02371368	-0.07186661	0.006343741	0.20220141	0.14685695	-0.17517126	-0.0035546955	-0.13497534	-0.13492057	0.0375163	-0.061935905	0.017539602	-0.00708468	0.16180867	0.10872987	0.041812923	-0.17310996	0.20843045	-0.04625004	0.055771217	0.20180635	-0.032194044	0.12315275	-0.111859985	-0.022341372	0.27344397	0.10793479	0.05660114	-0.079706006	0.07447631	0.09893794	-0.13972431	0.01774632	-0.09049615	0.044215117	-0.22206296	-0.024238613	-0.17040798	0.09462699	0.015104988	0.14939032	-0.11664484	-0.077459395
0.06291278	0.26986176	-0.14228477	0.03265083	0.10717832	0.1918515	0.13106236	0.038810253	-0.10206757	-0.09160667	0.23794319	-0.23309675	0.095217936	0.1063344	-0.046846017	-0.10122889	-0.118012816	-0.19407314	0.0841418	0.026989756	-0.078689136	-0.12562352	-0.08845042	-0.07853703	0.041591987	-0.2819683	0.028213639	0.14208247	-0.18655826	0.05712577	0.19614115	0.07328807	0.05783702	-0.001714965	-0.094376445	-0.0053345747	-0.08966608	-0.046130322	-0.037991032	0.043375038	-0.060217034	0.07562349	-0.010443431	-0.025432415	0.050555892	0.011451317	0.0026058794	0.04937827	-0.070131585	0.1142431
-0.18102878	0.02621245	-0.067683004	0.06134505	0.15256	0.08027163	-0.19943546	0.09609748	-0.06988811	0.18426582	0.011759627	-0.18200837	0.11209452	-0.28012228	-0.2632035	0.17755766	-0.18594618	0.25076714	-0.16821024	0.19901404	0.116360575	0.031956784	0.14020516	0.2005701	0.15875302	0.14121088	0.008982483	0.09226279	-0.1883838	0.13941896	-0.085780345	-0.16460718	0.06281853	0.01997576	0.052769344	-0.053858485	0.13251653	0.1649452	0.028792113	0.017666113	0.036275655	0.023979096	-0.07518516	-0.11129587	-0.05191478	-0.11642555	0.22946136	0.030703157	-0.16349548	0.12004497
-0.14287816	0.11050356	0.15088189	-0.16845778	-0.1149032	-0.15138483	0.08512581	-0.1589386	-0.036396172	0.14967078	0.09635057	0.1070707	-0.033661895	0.11247729	0.25509277	-0.08296555	-0.18112256	0.17566259	-0.047764387	0.03082924	0.050850824	-0.05077231	0.23616254	0.19449528	0.15630183	0.08348758	0.08582558	-0.019062929	0.029339269	-0.2378003	0.17639405	0.05234337	-0.2458396	0.016092058	0.066762075	-0.1078489	0.062434714	-0.081906185	-0.010676654	0.21530838	-0.028323634	0.11188321	0.005773248	0.21392643	0.14952245	-0.26064685	-0.020155715	-0.08169081	-0.16954295	-0.21127148
-0.062002346	0.032206226	-0.040572993	-0.0037381188	-0.21615894	0.039038222	0.19874297	-0.11640983	0.15803887	0.008466416	0.01536379	0.06319589	-0.13758235	0.1022897	-0.15254672	0.10775025	0.06198773	0.14094302	0.078493685	-0.12785584	0.25237167	0.1256365	-0.06896006	0.028374504	-0.043714546	-0.039173182	-0.18082942	0.13417384	-0.0076204627	0.28949407	0.115243234	-0.09413036	-0.03456404	-0.14135522	0.028979424	-0.05981069	0.046388995	0.14164488	-0.110054	0.20543921	-0.12530711	-0.19059907	0.028937183	0.086553246	-0.03708744	-0.14915533	0.059642714	0.07048918	0.050213512	0.12846647
0.13460936	0.15836115	0.10606228	0.123422526	0.1615916	-0.14350148	-0.111542076	0.21141532	0.20481178	0.21551928	0.17520341	0.11590204	-0.091465406	0.18097384	0.067264654	0.096817724	0.21724132	-0.012556332	-0.10771484	-0.08314035	-0.052445672	0.08874953	-0.12317642	-0.11106838	0.1299673	0.011056694	-0.03192477	-0.011211336	0.021204637	0.039753873	-0.13281517	0.11189781	0.13608067	0.14468172	-0.045753863	0.016381638	0.20449495	-0.074879676	0.04266689	0.19183002	-0.026332175	-0.14135146	-0.06706666	-0.2735854	0.19377455	0.27264935	-0.06805731	-0.098896	0.06486735	-0.20031919
0.082266845	-0.07599147	-0.25098053	0.24702679	0.15372701	-0.111789174	0.15943524	0.07585928	-0.013592116	0.060281795	0.054839324	-0.09551857	0.16646887	0.0981357	0.038021233	-0.11197926	-0.2367616	0.0048766546	-0.013916208	-0.12445894	0.046348415	-0.012577426	0.124398194	0.14249435	0.037206076	0.0019042921	0.17501524	0.016093379	-0.002949816	0.13124716	-0.22994547	-0.00025326974	0.12247235	-0.019934613	-0.16680387	0.080312215	0.029139604	-0.002540089	0.16913001	0.11077674	-0.24048981	0.06463438	-0.07693963	-0.051161535	-0.17659067	-0.053532854	-0.15906453	0.105817385	-0.024050068	-0.2531395
0.10350015	0.17821166	-0.13755156	-0.004714563	0.04076464	0.22804658	-0.036828794	0.08541693	-0.10618389	0.123272695	-0.009901962	0.021212189	0.04119081	-0.18285416	0.036592484	0.05176547	-0.19556431	0.08039174	-0.046881262	-0.082983196	-0.065705486	-0.22384797	0.20966059	0.0051206774	0.08156749	0.15750243	-0.01838632	-0.17564608	0.09167131	-0.19008693	0.07056943	-0.010094009	-0.1502685	0.15642454	0.07113638	0.07787111	-0.18179096	0.1366912	0.059415914	0.056600403	-0.12331036	0.11442975	0.06430877	0.023466263	-0.15996285	-0.1073994	0.28126252	-0.07441458	0.08804266	0.17964901
0.055547576	-0.06792003	0.14432299	0.26529762	-0.05816785	0.016138298	-0.00905782	-0.1710644	0.015723726	-0.18858512	-0.19297874	0.17972042	0.031368427	0.18689895	-0.07799095	0.0070645204	-0.050652813	0.099106416	0.063208684	0.021802455	0.07081592	-0.16617937	0.07071207	0.06235351	0.28260094	-0.15710333	0.12022422	0.07731154	0.060036454	-0.11794324	0.08242174	-0.08956197	0.034090985	0.08950817	-0.052020743	-0.1588673	-0.010289153	-0.08488146	0.18745984	-0.04836113	-0.10548957	0.25945356	-0.085842855	-0.0033401302	-0.01898489	-0.041917454	-0.019419402	0.01746698	0.004290526	-0.18051167
0.20069727	0.024961594	-0.062172513	-0.21732336	0.006101988	-0.050176546	-0.003169123	0.026847271	0.07124187	0.13115524	-0.2449428	0.01692511	0.14455444	0.19340263	-0.03967839	-0.05605037	-0.064377956	0.20048533	-0.010915901	-0.24203233	-0.14704005	0.13666758	-0.20232055	0.021856612	0.08608825	-0.04288937	0.10555226	-0.21158656	-0.04321441	-0.13595107	0.13044746	-0.0037805901	0.17806777	-0.21604377	0.060618732	-0.025452182	-0.015442306	0.03934324	-0.21440208	0.047931064	-0.06316704	-0.07946671	-0.018067528	-0.047043275	-0.21683574	-0.0353873	-0.19559954	0.17836404	-0.047821824	-0.011954579
-0.1420428	0.057055585	0.06428839	-0.06163352	-0.17954426	-0.15824221	0.2575876	-0.011034693	0.02267617	0.21351235	-0.27197888	-0.05835791	0.12305984	0.11187796	-0.29484224	0.01400028	-0.025992	-0.04135974	-0.12499464	0.04440463	0.19471948	0.15004599	-0.079976015	-0.11459228	0.07256973	-0.15436645	0.033646747	-0.2400717	0.12600736	0.0729157	0.16046025	0.2626646	0.029774753	-0.069067195	0.09592128	-0.026057601	0.0085262945	0.030449858	-0.22256902	-0.011434885	-0.03749137	0.048764806	-0.08759005	-0.13481534	0.020327065	-0.19111505	0.016818486	-0.037135854	-0.14140178	-0.20303564
0.0069258893	0.1551476	-0.15935135	-0.08453309	-0.089984514	0.061031647	0.05461361	-0.13050812	0.1956718	-0.20941769	-0.039082684	0.09493515	-0.09902307	-0.04236686	0.21946791	0.047194395	0.011790076	-0.08983372	0.03526634	0.0344609	0.20684028	0.08016264	-0.11658962	-0.20393893	0.035972096	-0.060328115	-0.052643303	-0.17115521	0.025642665	0.14454213	0.04821466	0.17562541	-0.0038660264	-0.20072274	-0.1897888	-0.11200097	0.07309294	0.09905976	0.25231662	-0.0011385018	-0.23751079	-0.10822186	0.1771958	-0.044096883	0.094319314	-0.034066718	-0.014845312	0.06617723	0.23754324	0.04342197
0.052793995	-0.14836533	-0.05924242	-0.007926468	-0.17389381	-0.07234977	0.12036175	0.080886185	-0.066443965	-0.105526164	0.1695556	0.022719301	0.27895075	-0.1444166	-0.09555989	-0.12201892	0.0031831944	0.08794499	0.023952628	0.17419145	-0.11674097	-0.19156139	-0.083501734	-0.13738468	0.12771447	0.048040576	0.0014024714	0.15831351	-0.12425513	0.09954881	-0.018459462	0.17312455	0.0038231614	-0.00970342	0.114937	-0.121999584	-0.1604653	-0.22704293	0.0076208627	-0.17289343	0.052484736	0.13492708	-0.17986503	-0.045369584	0.081956215	-0.027539222	-0.08267275	0.13833073	0.049038354	0.28146625
-0.25976637	0.17674904	0.06160526	0.046184983	0.045928158	0.04615431	0.19846301	0.19011599	-0.20702545	-0.013552956	-0.007833062	0.00391144	0.021693636	-0.056264475	-0.0420195	-0.014424377	0.015777111	-0.17094775	0.0481102	-0.17878032	0.1042115	0.037311528	-0.04697637	0.1641575	-0.0726557	-0.049128015	0.17300314	-0.18900567	0.14321189	0.002846401	-0.017803784	-0.13771614	0.13401783	0.110146254	-0.054359734	0.02733497	-0.08695509	0.010432895	0.16306001	-0.07770796	-0.072809406	-0.011564482	-0.018245552	-0.017756337	-0.16226919	-0.012604064	0.18099752	-0.012905788	-0.0015136369	0.14187716
-0.11011955	-0.096043274	0.02288693	-0.01270586	0.26091364	-0.12370218	-0.17411827	0.11701208	-0.0302522	-0.07927163	-0.06881396	0.1816523	-0.010561616	0.16274321	-0.16593492	-0.022232505	0.11011617	-0.012249975	-0.16655561	-0.24728075	-0.10505239	-0.060111072	-0.10173101	0.13505752	-0.006390999	-0.17906937	-0.097070165	-0.20510684	-0.026571596	-0.03946713	0.1264162	-0.14577508	-0.17742777	0.004899694	0.02952687	0.07303455	0.08106846	0.1391071	-0.044214156	-0.03166083	-0.11857377	-0.14974166	-0.14175346	-0.13958392	0.0077848537	0.06200964	-0.0005506471	-0.13068597	0.0447665	-0.11568511
-0.07992643	0.16111289	0.0038657403	0.06670467	0.05807714	0.021795351	-0.00023389125	-0.047396287	-0.101107836	0.053408824	0.17558865	-0.01283086	-0.038210183	0.04772326	-0.0489082	-0.17773157	0.19786775	0.12591475	-0.11021603	-0.14463966	-0.061051056	0.18357788	0.16339193	-0.2139166	-0.03338721	-0.08942332	0.03253929	0.07958177	-0.15880945	-0.13136904	0.17483927	0.2611942	0.007219886	0.13155282	0.097183764	0.09010197	-0.031032553	-0.1482409	-0.0017183684	0.15566866	0.09779218	-0.06649475	-0.0929164	0.20753065	0.013856447	0.12393597	0.03288285	-0.06637592	-0.12723379	-0.01933987
0.018573385	-0.0397946	-0.017728347	-0.16040084	0.02855143	-0.0689144	0.054376807	0.12451964	0.14060222	-0.0018703517	-0.09845085	0.118156746	-0.07637871	-0.0888094	-0.0034322173	-0.13782392	0.06755879	-0.028662767	0.021816134	-0.18758374	0.016075553	0.06167391	-0.14640442	-0.053685937	-0.2019975	0.17237301	0.06403201	0.06300314	0.074742205	-0.17720018	-0.016384842	-0.072883464	0.012000167	0.0063674133	-0.11338917	-0.22758311	0.1043963	0.08358909	-0.12724467	0.019220056	0.23368062	0.085045606	0.123399876	0.0965384	-0.22303188	-0.19052917	-0.12615094	0.28320757	-0.2306804	-0.10689416
0.002735098	-0.13836433	-0.12646165	-0.010254151	-0.09536937	0.009004323	0.13193886	-0.023807654	-0.119425826	0.041714635	-0.21307687	-0.20602506	-0.09006594	0.06162461	-0.07744726	0.0018053462	-0.0508465	-0.051294357	0.075164706	0.093252204	0.14849912	-0.061833628	-0.039007932	-0.051395703	-0.035685014	0.06229039	0.15968773	-0.09825623	-0.043691818	0.036329318	0.10197982	0.034307502	-0.09152424	-0.09442789	0.08377281	-0.14520893	0.26157287	0.05864038	-0.010438555	0.018341556	-0.006416415	-0.019990815	0.07936152	0.033585127	-0.15038666	0.10659823	-0.03997153	-0.12696986	-0.1435867	0.020193707
-0.14868712	-0.023149757	-0.14055014	0.0646285	0.027301608	-0.13905287	0.11319313	-0.076440774	-0.16353329	0.17818218	-0.021389505	0.032695126	-0.14456359	-0.068680085	0.13601121	0.09200903	-0.052824542	-0.035017397	-0.1636354	-0.054685004	-0.078074865	-0.006919641	0.053866446	-0.120236635	0.017451191	0.11744466	0.07136367	-0.18955661	0.09728198	-0.20622613	0.22111331	-0.14508687	0.20128071	0.032703295	-0.13697504	0.058764905	-0.14332266	-0.0508712	-0.11228017	0.00552393	-0.08649409	-0.028683897	-0.04384789	-0.06361271	0.032964595	0.0073873	0.09031346	0.01130699	-0.009902473	0.117364034
-0.094577774	-0.09400247	-0.12324993	-0.039966963	0.09007253	-0.018509148	-0.19829251	0.0677632	-0.091737136	-0.08330475	-0.24098377	0.058527324	-0.05172298	0.010148708	-0.048382107	0.1741188	0.09987702	0.042490438	-0.14604643	0.23167378	-0.08245235	-0.07530656	-0.0052910475	-0.22439805	-0.06011381	-0.06845948	0.12967485	0.13313688	0.070595935	0.13489635	-0.2282014	-0.22055775	0.06154436	0.13602903	0.04468255	0.120014414	0.13566679	0.11181974	-0.044569366	0.02449253	0.04492734	0.077717945	0.14166631	0.18229422	0.009191398	0.1078696	0.20641279	-0.23912613	-0.005082362	-0.0015113592
-0.057134293	0.17685299	0.062426887	0.20670252	0.17729123	0.16246593	-0.08231821	-0.20852461	-0.106568135	-0.0945436	0.120184615	-0.09297966	-0.06768188	-0.09001079	0.09454789	0.0071369163	0.13933532	-0.21020858	0.11565859	-0.049502406	-0.13806844	-0.07682198	-0.0793605	0.06114048	-0.1001152	-0.11726392	0.05041002	-0.07117702	0.0061315703	-0.058007903	-0.14466362	0.20380315	-0.04319224	0.12024316	-0.108919136	-0.06978886	-0.07308059	0.09547798	0.16395217	-0.22257313	0.22229378	0.06604557	-0.061556872	0.051071174	-0.12242178	-0.23026201	-0.13413185	-0.064424455	0.02975907	0.13925825
0.26864445	-0.066653855	-0.04571188	0.03130225	0.11677212	0.05975687	-0.0074477773	-0.084110215	0.10519367	0.15707272	0.26108706	-0.056631677	0.12367634	0.116959065	-0.13125315	-0.1438399	0.16122097	0.20922694	0.13436806	0.07412011	-0.018720599	0.09406512	-0.0008245437	-0.044819985	0.00015223707	-0.064918086	-0.22808693	0.109118745	0.051601615	-0.1086604	-0.19508241	0.23251419	0.0013515196	-0.11154756	0.1978462	0.062078033	-0.030004121	-0.080874875	0.13647017	-0.049873613	0.040467195	-0.18678658	-0.07775962	-0.08104544	-0.08641753	0.09134305	0.19761999	-0.16776954	-0.16445483	-0.2527442
0.007543567	-0.1936695	0.18738836	-0.10746891	0.23722795	0.10763029	0.12383859	-0.09099669	-0.06075973	-0.15986094	0.036874495	-0.056099698	0.13812767	0.22722918	-0.06343915	0.15437756	-0.11174715	-0.028259158	0.0975947	-0.07088594	0.19058627	-0.032843806	-0.04792867	-0.2760505	-0.102445975	-0.20866314	-0.0293916	0.12457296	-0.1468266	-0.024549378	-0.20669319	-0.0075276657	-0.19889571	0.22284825	0.14280425	0.23672347	0.19823703	0.0016232498	0.013023273	0.12752871	0.011628537	0.091825694	0.043137547	0.076307416	-0.06657624	-0.02509163	-0.08134125	-0.095448956	-0.009156166	-0.13599849
0.23416245	-0.08916035	0.14636557	-0.0740057	-0.0012879877	-0.009350757	-0.00884773	0.1586943	0.005235719	-0.08519234	-0.13735466	-0.12345885	-0.004228689	0.08607419	0.033881925	0.07604729	0.10810135	0.05104724	0.0075675645	0.047597907	-0.019825023	-0.14278242	0.08128802	-0.06561322	0.13908505	0.085843116	0.027713291	-0.18727341	0.007569616	0.15510283	-0.02167358	0.12972069	-0.07679761	-0.012865704	0.03025941	-0.106449075	0.10896606	-0.16788629	0.29876125	0.060136456	-0.011178668	-0.14135692	0.07905056	0.20629676	0.012952858	-0.066684715	0.033254288	-0.2382099	0.08553438	0.06846377
0.20498948	-0.012995675	0.117353275	-0.018124657	0.0647042	-0.12794563	0.14349067	-0.0868007	0.088917464	0.12566884	0.00051430706	-0.14938337	0.057887	-0.065477714	-0.02812075	0.0057538976	0.05137543	0.055307016	0.17213288	0.013351778	0.05402954	-0.05024735	0.27488148	0.08479674	0.10225676	0.0019690772	0.053762764	-0.068052284	-0.008282327	-0.077180766	-0.18620536	0.023557305	0.21617922	-0.27026668	0.031597666	0.13075991	-0.098609775	-0.15186004	0.018622449	0.13131598	-0.07548821	-0.12636718	-0.11386046	-0.03399316	0.24792811	-0.02938286	-0.019088155	-0.18711309	0.17027001	0.0033811813
-0.08630899	0.22156675	0.21823545	-0.025494058	-0.1480665	-0.12309289	-0.033708155	-0.076805264	0.085490555	0.08057033	0.0138451215	0.03196653	0.28409436	-0.18123728	-0.2350948	-0.010131119	-0.050307598	0.13657352	-0.012359482	-0.15690151	-0.20976007	0.074335486	-0.20363194	-0.052485634	-0.09539053	0.041002795	-0.2567731	0.05172637	-0.027815312	0.14127204	0.21857937	-0.028626371	0.16551349	-0.17017259	0.20272262	0.079462446	-0.14112748	-0.07607828	-0.048429202	0.004714437	0.05502758	0.11440478	0.06727022	0.060568895	-0.17828412	-0.09245484	0.12091063	-0.15071568	-0.08943194	0.075671144
0.0008475706	0.13181803	-0.20762782	0.08988468	0.034199003	-0.22900788	0.1846875	-0.2217183	0.03157229	-0.05579222	0.10166653	-0.10834833	0.16310495	-0.16382863	0.015916629	-0.047937494	0.03745908	0.021829514	-0.13306972	-0.10842931	0.10212311	0.16754264	0.004636773	0.071907535	-0.23141538	0.029618625	0.03598682	0.050995126	0.17457016	-0.16831505	-0.10283082	0.19073273	0.092637815	-0.1284277	0.02390705	-0.03039679	0.011942913	0.15994306	0.16157573	0.052134745	0.024855735	-0.022008285	0.043880243	0.009151732	-0.118738614	-0.0074871704	-0.16515718	0.11581171	0.15525012	-0.08279217
0.041292604	-0.05069029	0.015333502	-0.029733436	-0.23857443	-0.09266844	0.16123447	0.061473496	-0.06836005	-0.15064791	0.109845616	-0.09065729	0.117168546	-0.2407194	-0.006550545	-0.039888468	0.1538315	0.08786017	0.15136227	0.072201826	-0.066503674	0.07044107	-0.093222946	0.15707782	-0.016613765	-0.13733588	0.1538228	0.012635343	-0.0035362807	0.017404824	0.10074796	0.044356316	0.18572065	0.11955324	0.16368319	0.09960313	0.105824865	0.053205557	-0.054199234	0.07096797	0.17953365	0.02661509	0.036563557	-0.026814621	0.22910947	-0.1097434	-0.045126885	-0.11503158	0.05293975	-0.06768675
-0.0022808665	0.25230184	-0.008620629	0.014361631	0.018875044	0.040134583	0.11204068	0.21065941	-0.08184877	0.030430948	-0.13025841	-0.07972199	0.16553281	0.08898194	0.064486146	0.19741559	-0.036495402	0.0657664	0.20936713	-0.106346935	0.015500892	-0.15725943	0.03613915	-0.16313939	0.28713194	-0.14462827	-0.10995287	0.058164544	0.25233296	-0.18044132	-0.09657951	-0.21927656	0.15287526	0.013792683	0.17950402	0.034979887	0.16151024	0.17379132	0.26002264	0.16215837	-0.009289683	-0.09555581	-0.16943446	0.07653353	0.11583379	0.12013428	-0.010253935	-0.0006745631	0.0572067	0.027579928
0.017441483	0.06280972	0.032747865	-0.10102181	-0.10959358	-0.052236717	0.095099926	0.1005055	-0.0110305855	0.023366723	0.028321864	0.16554087	-0.05069562	0.022986688	0.10389842	0.063527085	-0.014818862	-0.008961363	0.10249021	-0.18199322	0.17616192	-0.15242982	-0.0426226	0.03550832	-0.2536742	-0.006836216	0.18376438	-0.116796605	-0.08850833	0.18486375	0.24126531	0.10532402	0.019636057	0.055218235	0.12975463	-0.17660654	-0.1527332	-0.23582105	-0.04884076	0.093722954	-0.24033143	0.009890232	0.21544537	0.1693912	0.06679403	0.10657666	-0.031995945	0.053396504	-0.08345294	-0.031757534
-0.08765942	0.07864923	0.16266508	0.037086375	0.060252517	-0.09804287	-0.07310738	0.20600227	-0.045437448	-0.041591022	-0.060270995	-0.039646007	0.15470548	-0.07336478	0.24528106	-0.1250342	-0.071732745	0.0078381775	0.082161024	-0.19513601	0.17429541	-0.1334609	-0.018478654	0.006569962	-0.1891674	0.14462684	0.11692912	0.054662745	-0.06664107	0.08025881	0.0150111215	-0.11901274	-0.17173335	-0.15227166	-0.11960634	-0.195697	-0.033554092	0.11845581	-0.1915264	0.17389101	-0.010349384	0.12097317	-0.0769079	-0.00988942	-0.0017086363	0.22178926	0.026975261	0.098478846	-0.15728293	0.25997856
-0.057613987	-0.017143723	-0.014562836	-0.24167958	-0.26225364	0.039879296	0.19079658	0.13642134	0.07303055	0.021608502	0.0984211	0.10282316	-0.19618896	0.22829314	0.008286588	0.01894915	-0.13281865	0.025413143	0.12810108	-0.07675447	-0.10931891	-0.03902632	0.117026374	-0.10288936	-0.24784069	0.18582694	-0.25182894	-0.101795375	-0.11896032	0.024395822	-0.08495342	-0.15463418	-0.10482652	0.14829834	0.04116169	-0.08996351	0.05972144	0.26903635	-0.09576594	0.048094165	-0.041185327	-0.0036217568	0.13383773	0.04923311	0.030857274	-0.024249166	-0.10506425	0.020150091	0.007679492	0.10338797
0.14159755	0.06756623	-0.16865057	-0.13532524	0.020928023	-0.017237876	-0.0016402247	0.06439655	-0.12610164	-0.0504468	0.08202975	-0.14008825	-0.09664366	0.0057339324	-0.068696536	0.00929547	0.06806969	-0.10666346	0.08892013	0.038953178	-0.061578654	-0.18387435	-0.087992474	-0.09102831	0.07862696	0.11987318	-0.22544728	-0.05941038	-0.029937902	0.00487818	0.060544513	0.18169804	0.09895956	0.082369015	0.033249296	0.08856813	-0.050532084	-0.07114294	-0.19927482	0.12562896	-0.09661305	-0.16869119	0.17696293	-0.10648734	0.14169896	0.006617435	-0.022862913	-0.021757456	-0.10459237	0.06955388
-0.041646257	-0.12456041	0.041967727	-0.15814878	0.06734934	-0.08451263	0.0797245	-0.083453	0.068754494	-0.021426765	-0.08524624	0.15142547	-0.08474918	-0.0007519685	-0.03972276	-0.0057561886	-0.13904846	-0.07801595	-0.06453545	0.17086114	0.037671335	0.008758136	-0.08552359	0.16935988	0.20183694	-0.14020689	-0.011121947	-0.10719175	0.04794587	0.27625197	-0.15947936	-0.123437	-0.05157073	0.051477484	0.20521623	-0.06263728	0.12990144	-0.054129504	0.0877845	-0.08865648	0.09825618	0.036880303	-0.04134775	0.16311206	-0.11711594	0.08118156	0.07828235	-0.10005441	0.18173784	0.17850347
-0.121848665	0.059771366	0.002745214	0.08788138	0.16475871	-0.10097116	0.018281141	-0.056547195	-0.03203513	0.0061548785	0.053828064	-0.121366724	-0.032461066	-0.100778274	0.1456996	-0.035203192	0.09920738	0.05108843	-0.15070066	0.12619881	-0.07121166	-0.19108573	-0.101124264	0.18511702	-0.00018123395	0.1465479	0.16823977	-0.007829158	-0.059222918	-0.014741561	0.13861215	-0.13973115	0.19200549	0.20698416	0.06862567	-0.0674321	-0.117053635	0.22535075	-0.1879517	-0.1851453	0.06912169	0.11127214	0.08062285	0.06304285	0.10741066	0.0102678295	-0.12355278	-0.211347	0.07972506	0.048778076
-0.041959412	-0.16317934	-0.06105977	-0.112895414	-0.14459382	0.09029198	-0.20910044	-0.10012157	-0.15300213	0.06071586	0.24913327	0.16129242	0.04367878	-0.020675007	-0.11282334	-0.11607089	-0.07493652	0.045398068	0.022347324	0.013039632	-0.025004448	-0.04883381	0.088013776	0.1775575	-0.08314356	-0.19900866	-0.17018564	-0.1889491	-0.23713289	0.07609421	-0.17573489	-0.2560737	0.076014504	-0.1477934	0.031055888	-0.12244713	-0.08025397	0.004252936	0.17147325	0.126903	0.03274932	0.09503314	-0.15942077	-0.18664975	0.076259494	-0.14517139	-0.08904082	-0.08335543	-0.25835383	-0.02146062
0.14909895	-0.05432215	0.24009095	-0.12477605	0.1737865	-0.012072857	-0.09367445	0.22766371	0.15878011	-0.24737105	0.20127663	-0.074414745	-0.14502722	0.014492049	0.11413953	0.05927464	-0.1254174	0.0045461813	-0.05839591	-0.28241137	-0.11692826	-0.11769046	-0.04212678	-0.048963025	0.06727812	-0.090815715	-0.102643795	0.033805083	0.14280349	-0.10350687	-0.0052573686	-0.20686162	-0.049715985	-0.0458494	0.052955873	0.15186763	0.009432935	0.026028614	-0.12393699	0.2593344	0.123446696	0.16062032	0.0973144	-0.12546277	0.098927	0.0077754925	-0.067076676	0.052960787	-0.017013242	-0.13168395
-0.10576606	-0.2831548	0.09956927	0.10381708	0.0016276735	0.053249195	0.010351582	-0.122769505	-0.042456716	-0.12932834	0.099998035	0.17897123	0.13023429	-0.09253722	-0.046757545	-0.09824879	0.14747097	-0.0946373	-0.012353751	-0.11180576	-0.055255394	0.049761485	-0.08707301	0.05063306	0.057371713	0.2453017	0.2695429	-0.0029560549	-0.07641293	-0.21822327	-0.045324232	0.0100648515	-0.14832945	-0.035010077	0.20759936	0.18763547	0.10103944	0.034076035	-0.036362488	-0.08561079	-0.13098943	-0.055867195	0.051860794	0.017397532	0.14453039	-0.099216126	-0.1230115	0.0012208656	-0.15173107	0.00510477
0.05890885	-0.12675273	0.02147421	-0.10121273	-0.21102454	0.14822029	-0.020736808	-0.027608432	-0.033661064	-0.1080066	-0.005695873	-0.09117504	-0.05942878	0.1350496	-0.068495885	-0.15441355	0.16466151	-0.0065769916	-0.114649326	-0.0041214684	-0.027688663	0.010117232	0.04344107	0.010248271	-0.025798962	0.19545692	0.04032758	-0.11877717	-0.20061217	-0.20075582	-0.25738263	-0.15764517	0.10575381	-0.051493637	0.16910936	-0.024933873	-0.025345502	0.07392477	0.03928708	-0.04541488	-0.08496477	-0.009304567	-0.00976566	-0.21316032	0.11618957	0.042652126	-0.14837249	-0.06105243	0.0037265073	0.15894908
0.20979507	-0.013958533	-0.2606062	-0.10078908	0.078511715	-0.012188534	0.018587366	0.08006301	0.0034993454	0.0046097417	0.047647666	-0.028857017	0.14155959	-0.050734796	-0.16602741	0.15651713	-0.05144037	0.2235722	-0.14197993	-0.07229041	0.002307971	-0.045243394	-0.01970922	0.06752886	0.054934032	-0.15797246	-0.070209645	-0.034527663	-0.014619758	-0.021753645	0.033435017	-0.10742425	-0.08975014	-0.07584524	-0.10855636	0.08272325	-0.009895303	0.035594802	-0.019769156	0.0050439453	0.10485266	0.11312252	0.10599486	0.12118555	0.28986254	-0.024739483	0.23908587	-0.087516844	-0.030981377	-0.06911744
0.09064706	0.26991606	-0.1567335	-0.12617956	-0.07826608	0.0040674238	-0.22953093	-0.25456834	0.15790974	-0.27861744	0.22256446	-0.120128915	-0.12269269	-0.23529026	-0.1240985	-0.0047112936	0.09002944	0.03617185	-0.092697464	0.036750797	-0.22687986	0.062076643	-0.03373075	-0.04323522	0.1782263	-0.017159868	0.048941348	0.06860329	0.08085534	0.013705421	-0.122475386	0.07174446	0.022460716	-0.03907188	0.049275886	0.06219092	-0.17542265	0.008593766	-0.14866921	-0.1051842	-0.10334925	-0.020495515	-0.067049995	0.11944742	-0.10496553	0.088121176	-0.11085743	-0.12188628	0.039145187	-0.029357977
0.13785128	-0.05342983	0.1413624	0.06900937	-0.077488534	-0.007953217	-0.1323733	0.07488451	0.14931877	-0.25348192	0.020327047	-0.004936711	0.13329399	-0.06052952	-0.011638392	0.073168345	-0.14368662	0.073151655	-0.01060182	0.17915362	-0.22161134	-0.10115152	-0.2110645	0.16338886	-0.11989806	0.07396859	-0.09967157	0.054765005	0.053826235	0.13705753	-0.14596482	0.119176544	0.022875031	-0.18383583	-0.105233505	-0.017909696	0.024880823	-0.069066316	-0.13394731	0.2375565	-0.011523386	-0.011874482	-0.008251465	-0.04832491	0.13573614	-0.021713903	0.02621567	-0.043747988	-0.22693479	0.01621918
-0.035384074	0.07533553	-0.08687127	0.02171782	0.0710768	-0.057778187	0.026957966	0.06998194	0.13772674	0.13110642	-0.18669693	0.30755258	-0.00959478	-0.22633736	0.0053870114	0.08962873	-0.11517769	0.1575797	-0.022298329	0.011924124	0.11518046	0.10929006	-0.028100712	0.1993455	0.16180192	-0.13251123	-0.1429082	-0.059829038	-0.13293016	-0.08477129	-0.011416584	-0.06726245	0.056487553	0.09573137	0.012568414	-0.0014296253	0.20861593	-0.17488222	0.00854449	-0.20522875	0.18467133	-0.039835803	-0.02525967	0.2216202	0.043444242	0.06421791	0.07866053	-0.061062306	-0.08895146	0.15779158
0.27953616	-0.20438312	0.024514198	-0.043278392	-0.18278928	0.069015846	-0.31018335	-0.041588724	-0.081264414	0.031939767	0.058400806	-0.114844196	0.21452375	-0.07335518	-0.1958915	0.05397498	-0.049441844	0.19906151	-0.256334	-0.13524103	0.20661378	0.21998918	0.04486577	-0.09454356	-0.01983775	-0.022845095	0.116478294	0.08139842	0.023505041	-0.19990103	0.1066758	-0.09541688	0.17109133	-0.029735647	-0.031388443	-0.045733836	-0.20103022	-0.010576803	0.12555997	0.055184323	0.12845552	0.19599299	0.09621996	-0.18504287	-0.030143667	0.20528689	0.018980633	0.019660328	0.122090854	-0.024832403
